,spow_sg_h1000_1.txt,spow_glove_h1000_1.txt,sg_pmc_300_min20_win16_20k_2.txt,pmc_glove_spine_h1000_rl_2,GloVe_pmc_300_min20_win16_20k.txt,pmc_sg_spine_h1000_psl_0.2
classfication,"{'SVM': 0.8364999999999998, 'GNB': 0.517, 'RF': 0.8244999999999999, 'PA': 0.38049999999999995, 'AdaBoost': 0.4495, 'Gradient Boosting': 0.818}","{'SVM': 0.8290000000000001, 'GNB': 0.49050000000000005, 'RF': 0.8119999999999999, 'PA': 0.5645, 'AdaBoost': 0.4425, 'Gradient Boosting': 0.8085000000000001}","{'SVM': 0.829, 'GNB': 0.457, 'RF': 0.8035, 'PA': 0.687, 'AdaBoost': 0.41450000000000004, 'Gradient Boosting': 0.8025}","{'SVM': 0.8270000000000002, 'GNB': 0.5115, 'RF': 0.8245000000000001, 'PA': 0.7495, 'AdaBoost': 0.43950000000000006, 'Gradient Boosting': 0.8285}","{'SVM': 0.825, 'GNB': 0.44749999999999995, 'RF': 0.8015000000000001, 'PA': 0.6805000000000001, 'AdaBoost': 0.43450000000000005, 'Gradient Boosting': 0.8140000000000001}","{'SVM': 0.8244999999999999, 'GNB': 0.5415, 'RF': 0.8310000000000001, 'PA': 0.7565, 'AdaBoost': 0.41950000000000004, 'Gradient Boosting': 0.827}"
